value,freq
2755,2
850,4
6670,1
1869,1
1335,1
3910,2
710,2
10,5
54,8
278,1
2812,1
938,2
4498,1
1295,1
1160,5
2278,1
1272,4
66,7
1530,6
468,9
82,3
3264,3
4312,2
2985,1
6690,1
5828,1
5983,1
1419,1
6412,1
1188,7
3895,1
86,3
6350,1
104,7
4212,3
4814,1
1336,1
2185,2
232,6
3973,1
2147,1
2560,2
4068,1
454,1
95,4
1557,1
1050,9
1918,1
3632,1
332,2
3136,3
1552,2
127,2
3435,1
372,6
783,3
1558,1
1395,3
1411,1
1180,3
806,3
30,9
2751,1
861,2
3427,1
693,5
193,2
4028,1
740,4
1529,1
4494,1
3345,1
612,7
1488,6
2869,1
6612,1
2330,1
3029,1
482,1
1339,1
7290,1
7320,1
588,8
6931,1
2043,1
4351,1
5264,1
5320,1
255,4
3600,7
4140,4
1970,1
3220,4
1316,3
4914,3
44,6
4531,1
3703,1
5037,1
8,5
3179,1
4439,1
721,1
1159,1
2175,3
4810,1
2786,1
3683,1
2007,1
1956,1
5226,1
4654,1
1498,2
6603,1
1825,1
2599,1
3927,2
5876,1
707,1
2128,4
3472,4
4123,2
4669,2
798,5
1649,1
3675,3
2180,2
5022,2
3636,1
2384,1
6534,1
6032,2
2376,6
273,4
0,32
1575,5
1071,4
159,3
2000,5
297,4
3720,5
2546,1
3536,3
695,1
3775,1
2392,3
2370,3
629,1
4179,1
2349,2
5450,1
7170,1
305,1
2197,1
3248,4
1742,2
820,4
5704,2
1362,1
5221,1
4097,1
5187,1
2142,5
4572,1
4182,1
1251,1
2873,2
5697,1
2672,1
1351,1
6583,1
892,1
3630,3
6604,1
196,7
268,2
3451,2
2205,3
5325,1
1496,4
3135,2
6360,1
660,11
121,3
1700,4
3058,1
4686,1
6777,1
1743,2
141,3
5628,1
140,10
2318,1
3999,1
3340,1
6206,1
4972,1
5044,1
6132,1
1645,1
3416,2
96,10
4186,2
3108,3
156,9
290,4
705,3
59,2
4920,3
5025,1
368,5
5589,2
5668,1
1417,1
2585,1
1912,1
2460,5
946,2
6479,1
4959,1
2430,5
791,1
5157,1
4830,3
2968,2
173,2
5310,1
181,2
2020,2
4611,1
880,8
85,4
227,2
5980,1
5340,1
3870,2
3615,1
536,2
2990,3
3500,4
55,4
4400,3
915,2
1034,2
885,2
1827,3
1080,12
2465,2
321,1
3388,3
2889,1
5890,1
191,2
26,5
611,1
585,5
2350,2
2896,1
7221,1
4599,1
5454,1
4800,4
370,3
2340,8
676,3
3320,1
5000,2
1900,4
316,2
4853,1
4641,1
728,7
2144,1
4820,1
2826,1
597,1
1680,12
1922,1
1503,1
814,2
5486,1
2698,1
3795,2
2356,2
1919,1
4750,2
42,8
2466,1
3008,1
4128,1
1029,2
5481,2
1170,9
4488,2
3856,1
1728,7
4941,1
3840,4
5180,1
4012,1
7564,1
2553,1
5070,2
1576,1
405,5
1760,6
4968,3
2106,5
2980,1
382,1
3650,1
703,1
1225,3
2214,3
1421,2
1944,6
913,1
4930,1
3852,1
6453,1
2780,1
5350,1
656,3
6250,1
3224,3
720,14
1548,3
2726,1
4131,2
3686,1
2975,2
5681,1
3782,1
2967,1
3484,1
2052,5
75,6
1449,4
3339,1
4029,1
6500,1
2201,1
2760,6
5500,2
2871,1
4584,1
131,2
3424,1
31,3
3184,1
2077,1
299,2
2270,1
6162,1
3585,1
3616,1
4675,1
6396,1
3094,4
49,3
7260,1
4495,2
1820,6
3810,2
965,1
97,2
5820,1
928,4
7595,1
2669,1
3634,1
2955,1
245,4
5875,1
176,8
713,2
4752,3
2196,3
1140,8
3666,1
1830,3
2001,2
1805,1
2037,1
5076,1
2353,1
2220,5
3432,3
9,4
5720,1
3708,1
5423,1
1539,3
3178,1
604,1
1926,2
1205,1
2227,1
3002,1
3330,3
5332,1
3914,1
1276,3
4294,1
2739,1
3468,1
185,3
2289,1
2010,3
6356,1
717,1
5053,1
188,4
139,2
1537,1
1767,2
2047,1
464,5
2519,1
6291,1
1349,1
7161,1
579,1
363,2
115,4
1769,1
1184,2
1704,3
3724,2
902,2
6100,1
3335,2
287,1
808,2
2660,4
3379,1
3278,1
3383,1
4715,1
357,4
1736,5
5772,1
4929,1
3503,1
1165,1
6888,1
3735,1
2704,3
4338,1
200,9
1696,2
1616,2
2100,9
2842,2
847,2
4655,1
406,4
7620,1
1798,2
3336,1
1146,1
4575,1
488,3
2651,1
4228,1
1280,4
1220,3
2926,3
1757,1
1104,6
5650,1
1206,3
224,9
2625,3
5727,1
2562,2
2620,1
3648,3
2070,6
2360,2
1978,1
2394,4
714,6
2752,1
5408,1
330,9
6272,1
79,2
2373,1
2136,2
1513,1
3760,2
1393,1
5610,1
2748,1
1469,1
2691,2
3540,3
1788,1
774,3
6960,2
5100,2
3904,1
5856,1
4900,3
301,1
2091,1
730,2
1055,1
1359,1
1099,1
4788,3
2595,1
303,1
3474,1
197,2
4475,1
5724,1
46,4
1328,2
6386,1
408,8
1185,2
2178,4
4238,1
4290,3
699,1
595,3
5405,1
2626,2
3216,2
3160,1
2988,2
1806,2
309,1
1952,2
5430,1
968,4
5460,3
2124,3
3980,1
6020,1
999,2
2910,2
583,1
2418,3
1950,6
5017,1
3924,1
5390,1
2327,1
2453,1
7590,1
455,3
1729,3
3618,2
4334,1
426,3
93,4
2074,1
6665,1
150,10
575,3
4522,1
3298,1
2365,1
4826,1
6409,1
4806,1
3401,1
1925,2
5427,1
672,11
230,6
13,3
5359,1
4740,2
515,1
2130,3
4165,1
3520,3
1410,4
512,3
908,1
567,5
3560,1
505,1
3712,2
3672,4
427,1
2875,2
970,2
3164,2
164,4
3614,1
3920,3
72,11
1884,1
5148,2
178,3
1261,1
735,5
1960,5
4230,2
15,5
4122,1
7409,1
3111,1
799,1
206,3
4758,1
3820,1
3185,1
5904,1
5735,1
4515,1
950,4
1330,4
2482,1
1066,2
4080,4
4216,2
537,1
157,2
2328,2
1204,3
2662,2
2272,1
4004,3
4380,2
4025,2
5525,1
3133,1
749,1
4464,3
2737,2
47,2
1640,3
7533,1
1824,5
1310,1
2,3
6851,1
2085,1
6750,2
114,6
5736,1
6125,1
6578,1
4075,1
3240,6
1378,2
1179,1
3069,1
1804,2
6102,1
2046,3
1242,5
2071,1
324,8
4408,2
1407,2
284,2
403,2
1494,3
4368,4
638,3
4466,2
860,4
440,8
4564,1
6210,2
559,1
1648,2
985,1
5600,2
2032,2
6420,1
144,12
6075,2
2759,1
2774,1
747,2
1414,2
2655,1
5256,1
2656,1
2870,1
3743,1
6096,1
346,1
527,2
618,2
3813,1
112,9
400,8
342,6
1577,1
350,6
4325,1
4053,1
5115,1
105,7
5572,1
2255,1
4326,1
1605,1
2556,2
2758,1
5356,1
6468,1
2263,1
841,1
1196,3
1638,7
3100,3
198,9
1937,1
1255,1
4070,1
3210,2
4956,2
2059,1
3021,1
4246,1
434,4
4623,1
3346,1
1448,1
5122,1
2352,6
4264,1
2581,1
6780,1
1615,2
3193,1
3249,1
3422,1
5290,1
111,3
1780,2
2684,2
1147,1
4255,1
2097,1
6372,1
438,3
2502,1
2006,1
3317,1
4356,2
1300,5
2532,1
3376,1
5694,1
345,4
688,3
3174,1
539,2
83,2
6660,1
5160,2
6345,1
1182,1
3859,1
5497,1
1357,1
4268,1
3404,1
530,2
3040,3
4906,1
5913,1
2261,2
4728,1
2829,1
3915,2
6370,1
685,1
2639,2
5858,1
2290,1
4108,1
4693,1
2314,2
420,14
3237,1
63,6
5975,1
846,3
1740,6
1887,1
759,3
160,9
1112,1
5921,1
3364,1
650,5
3864,4
1872,8
2890,1
1692,3
2825,1
5220,2
1716,5
4712,2
1790,1
5964,1
2916,3
2223,3
2540,2
648,9
1476,4
3534,2
2793,2
852,3
4480,2
5190,1
4512,1
3906,3
1592,1
2489,1
435,4
5352,1
5588,1
4389,2
6351,1
4988,1
2822,1
800,7
1792,4
2169,1
689,1
816,7
2983,1
5038,1
2323,1
113,2
1682,1
3975,1
1791,1
5967,1
2520,10
2736,5
1075,2
4850,1
5040,5
1156,1
5016,2
3604,1
4676,1
5083,1
5490,1
963,1
1905,1
4137,1
4746,1
508,2
7037,1
436,2
88,7
4324,1
891,3
1947,1
2041,1
1962,2
805,3
474,3
1271,1
2646,4
1793,1
1273,1
7250,1
6913,1
5271,1
450,10
1495,2
767,1
1775,1
752,3
1924,2
3213,3
1012,4
3348,3
3525,2
4779,1
1629,1
225,7
1432,1
4692,1
4732,2
6328,1
6608,1
1603,1
1406,1
2522,2
959,1
5760,2
5508,1
5324,1
2023,1
2768,1
2440,2
762,2
1136,2
2892,1
1254,4
570,7
4309,1
291,1
1908,3
2478,2
3276,6
254,3
3753,1
326,1
4401,1
4086,1
6810,1
460,6
1040,7
1122,4
1207,1
2864,1
4313,1
6820,1
53,2
1035,4
2730,6
1668,1
3042,3
894,1
76,5
1653,2
5175,2
6426,1
779,1
7105,1
4031,1
890,2
6873,1
1020,8
875,3
1812,1
168,13
4628,1
2035,1
2497,1
4563,1
294,6
1491,2
675,6
1239,2
589,2
4760,2
470,3
545,1
3580,1
5829,1
5805,1
1771,3
1288,5
2058,2
1216,3
3476,1
1386,8
1211,1
5330,1
4485,1
392,6
1598,1
2336,1
1958,2
6188,2
1816,1
4482,2
6664,1
2718,1
3509,1
2565,3
2075,1
4598,2
100,8
1802,1
3950,1
6050,1
4725,3
3956,1
6072,1
4342,1
6727,1
1570,1
365,1
3979,1
334,1
6570,1
4199,2
2266,2
475,3
3584,2
3318,2
180,14
684,7
1102,2
43,2
954,3
35,4
2079,4
671,1
781,1
1992,3
924,9
65,4
1100,6
118,3
2150,2
1888,2
3930,1
2363,1
3496,2
1974,2
2712,2
494,4
1062,3
1256,1
4960,2
5432,1
5766,1
1435,1
5590,1
5129,1
2510,1
2928,3
6831,1
663,3
6776,1
1957,1
371,1
4202,1
5088,1
2740,1
1128,4
1717,1
4576,2
1143,1
558,5
2222,2
61,2
2706,2
4950,3
652,1
1397,1
1853,1
1800,10
7018,1
41,2
623,1
2057,2
3096,2
3492,1
3841,1
517,1
1164,2
2832,3
1400,7
1016,2
4161,1
7380,1
1856,3
3256,1
5376,2
3300,5
1921,1
3102,1
1162,2
1341,1
3486,2
3050,1
6200,2
633,1
154,7
1477,1
1233,1
3888,4
3072,2
2982,2
447,1
4250,2
2895,1
948,3
2413,1
1899,1
6634,1
745,1
58,4
722,1
1290,4
6107,1
1990,1
6930,1
1518,4
4893,1
6815,1
19,3
2552,3
3103,1
3553,2
120,14
6060,1
3725,1
1073,1
4648,1
4422,1
5568,2
6180,1
1446,1
108,10
7163,1
1326,4
6748,1
4263,2
4731,1
513,4
265,1
1363,1
854,2
1278,3
826,2
2337,1
2414,1
3816,2
738,4
179,2
3971,1
4862,2
5328,1
7084,1
3440,2
2920,1
1074,1
275,3
2033,1
654,2
3744,4
5796,2
2014,1
3638,1
6225,1
753,1
4260,2
3302,2
3625,2
4592,1
310,4
2171,1
3012,1
2211,1
1420,2
2088,5
3538,1
5348,1
4209,1
1284,2
5684,2
2587,1
4158,4
1630,1
3807,1
414,6
2576,4
2727,1
2159,1
3354,1
352,6
248,6
507,2
1302,5
1584,8
3211,2
724,1
3564,3
2590,1
6541,1
7099,1
2717,3
3450,4
1972,2
6580,1
4860,3
425,3
3454,1
7316,1
219,3
7471,1
5566,2
2544,3
4061,1
1169,1
2329,1
5106,1
6723,1
782,2
1125,4
2358,1
77,4
7050,1
2756,2
1712,2
2121,1
2301,1
364,7
3232,1
143,4
2772,7
1370,1
17,3
2500,3
5798,1
186,6
4248,2
3655,1
6264,2
7020,1
605,2
3960,5
2072,2
5655,1
292,2
172,4
4240,1
484,4
2332,2
2848,1
3765,1
1161,2
5992,1
1431,2
146,3
1611,1
441,4
1264,2
990,9
2288,5
2679,1
6882,1
209,4
1725,3
2697,2
5664,1
1004,1
1118,2
2438,1
4082,1
3995,1
2816,2
36,9
1586,2
2450,3
1683,3
477,2
1656,6
228,8
2652,4
4118,1
2528,1
5049,1
4896,1
5475,1
1144,5
1,2
250,6
385,3
6300,3
1342,2
3312,4
6136,1
754,3
5278,2
1846,2
960,11
7200,1
590,2
1965,1
3114,1
5373,1
6975,1
6860,1
7350,1
4318,1
189,7
1720,3
927,1
2483,1
6900,1
25,4
1484,3
1338,1
1843,1
3234,3
1528,1
7110,1
5211,1
5773,1
1854,2
935,3
3036,3
3912,1
6438,1
3586,1
3621,1
125,4
7470,1
1056,7
2110,1
2304,4
2794,2
1391,1
2860,4
2667,1
2813,1
1270,2
5191,1
2355,1
4473,1
4011,1
1817,1
340,6
3325,2
2641,1
5250,3
7440,2
2354,2
1892,2
2300,4
3483,1
3706,1
1070,2
5152,2
1890,8
5859,2
669,1
1875,2
3290,1
1387,1
1323,4
1876,2
770,6
3120,7
5635,1
2835,3
360,14
3690,3
3806,1
459,4
1375,2
16,6
1166,2
329,1
2490,3
386,1
4484,1
3074,1
183,3
2675,1
810,8
1644,1
1768,4
5319,1
3555,1
3510,5
4424,1
2280,7
725,3
2407,1
768,6
2523,1
5970,1
4465,1
5976,1
651,4
270,10
1044,5
1504,2
1628,2
1752,3
3277,1
2030,3
561,3
2212,2
942,1
203,4
145,4
884,4
1260,13
1247,1
213,3
3658,1
836,4
3168,4
3861,1
1141,1
3097,1
3834,2
4374,2
3784,1
4644,1
5075,2
4608,1
3088,1
697,1
1519,2
640,6
2167,1
2769,1
3285,1
3774,1
1815,2
445,1
39,4
103,2
1442,2
107,2
4602,1
4656,1
2061,1
1544,1
4509,1
1914,3
2338,1
5428,1
5258,1
2388,1
1425,3
207,5
384,8
1580,2
3382,1
7502,1
7134,1
502,1
3204,1
1463,3
3055,1
3886,1
2259,1
3475,1
3562,1
5778,1
4150,1
1368,7
45,6
3596,2
1524,2
4796,1
2296,2
635,1
5334,1
155,4
378,9
6561,1
3624,1
2670,2
668,1
1292,2
3668,1
4008,1
1428,7
5270,1
5375,1
195,6
556,1
1173,2
286,5
2250,6
2775,2
201,3
548,1
2563,1
4267,1
1296,8
2369,1
3390,2
2448,5
3288,1
4378,1
897,2
560,9
4224,2
3434,1
1634,1
2461,1
3937,1
5130,2
81,5
553,1
1457,1
5746,1
5136,1
2868,1
3266,1
1067,1
282,3
304,5
1464,4
584,2
1635,1
795,2
498,3
4247,1
2055,1
817,1
3289,2
3006,1
2145,3
5400,4
3056,1
5200,2
704,5
1885,2
3838,1
4332,1
3150,6
4185,2
3128,2
1672,4
2249,1
361,1
3550,1
3287,1
4640,2
6757,1
442,4
7223,1
78,7
6832,1
492,5
5010,1
2912,5
1737,1
1001,3
2496,5
4064,1
3507,1
6844,1
5784,1
5265,1
388,2
5842,1
437,2
3296,1
2603,1
3219,1
3900,4
325,3
504,13
4278,2
34,4
1837,1
3968,2
489,1
3275,1
5742,1
4899,1
312,9
572,5
4256,2
6006,1
4541,1
151,2
234,9
1023,2
2048,1
4805,1
5370,1
5808,1
1065,2
3250,3
1652,3
6003,1
1862,2
6858,1
3726,3
4056,2
5249,1
6000,3
1722,3
3444,3
3582,1
2568,2
2907,2
2436,5
855,4
2210,4
422,1
1098,3
240,15
3230,2
473,1
815,1
1864,1
6990,1
3255,3
4510,1
387,2
1881,3
1829,1
2512,1
490,5
501,1
235,3
2193,1
354,3
471,1
5084,1
6231,1
3165,1
259,1
932,1
71,2
6058,1
715,3
1719,1
398,1
1003,1
417,1
4977,1
920,6
5713,1
931,2
1702,1
262,1
4077,1
6786,1
1930,1
3077,1
3485,1
3122,1
7,3
1243,1
4526,1
5522,1
5625,1
1426,2
1705,2
1365,4
1840,5
2716,2
5267,1
5280,3
38,4
233,2
4427,1
4089,1
962,2
4180,3
7530,1
272,5
4508,2
2236,2
4305,1
1562,2
483,4
750,7
4706,1
3705,2
5974,1
4472,1
91,4
452,2
3850,2
3723,1
5451,1
702,7
4205,1
57,4
5474,1
5488,1
2400,8
3944,2
657,2
2856,6
4625,1
2295,3
2403,1
681,1
4148,1
1980,9
2680,1
896,6
1337,1
2573,1
6160,1
1178,2
298,1
2665,1
1377,3
3425,1
4370,2
134,3
1265,3
2574,5
4221,1
2256,3
4218,1
1115,1
3587,1
4446,3
6344,1
7028,1
3916,1
2114,1
4540,1
5775,1
2783,2
4681,1
5394,2
696,7
3417,1
980,7
2172,1
5125,1
142,3
6237,1
5940,2
6916,1
3741,1
249,3
214,3
3146,3
1573,2
355,1
2828,2
4393,1
692,1
3495,1
2567,1
1896,3
6030,1
1482,4
869,1
3633,1
551,2
1456,7
2852,2
194,3
1860,6
3171,1
1932,5
1422,3
3925,1
4125,1
2604,5
2882,1
6669,1
74,3
6150,2
3645,2
190,6
3567,1
856,2
6422,1
2715,1
667,2
1508,3
315,6
1090,2
3519,2
6076,2
5740,1
50,6
92,5
2086,1
550,5
621,4
670,2
6324,1
2321,1
905,1
212,4
217,4
760,6
1675,1
5064,1
5060,3
3893,1
2948,1
686,2
2961,1
2608,1
6293,2
3667,1
472,3
1541,1
3350,1
1664,4
819,4
2509,1
899,2
6214,1
20,7
4104,4
3629,1
1250,3
2839,1
3824,1
3410,2
5549,1
6275,1
1480,3
630,11
1266,1
916,1
7874,1
2008,1
5544,3
3060,5
930,6
1595,2
3696,5
56,8
1015,3
3996,2
4890,1
864,9
2632,2
1079,1
6641,1
2886,2
3887,1
520,7
4,4
5952,2
833,2
1533,2
341,2
3030,2
1058,1
678,2
1525,1
944,3
1515,1
3660,3
655,1
1920,8
3498,1
3075,2
4050,4
2788,1
2242,1
3570,4
320,7
5580,2
1650,6
2112,5
1781,1
888,5
3874,1
5908,1
6789,1
1784,1
167,2
6384,1
4580,1
3762,3
5516,1
4134,1
4503,1
3843,1
6902,1
949,1
736,4
2416,1
5124,2
3405,1
649,1
1240,5
901,1
1458,4
876,3
2117,1
1452,4
2508,4
3627,1
2584,2
4433,1
3700,2
3009,1
2714,1
3620,1
396,9
785,1
3180,3
256,4
1105,3
218,3
2096,1
5771,1
1350,8
848,3
969,2
3568,1
2464,5
1030,2
4200,6
147,5
3828,2
4000,3
1776,4
5611,1
2109,1
22,5
1898,2
3267,1
4225,1
2028,3
2929,1
2888,1
5640,2
680,6
955,1
237,3
5564,1
4142,1
4680,4
184,6
3982,1
1639,1
5236,2
4002,2
4642,1
3286,1
3195,1
1309,3
6600,1
344,3
3124,1
4292,1
4455,1
2914,1
2964,4
7500,1
764,1
5112,1
4840,2
4767,1
99,5
1450,3
2530,4
3819,1
2838,1
5597,1
1688,1
171,5
2900,3
3306,2
4588,1
3772,1
204,8
574,2
1596,6
6696,2
404,2
2725,1
909,1
2262,3
2398,2
429,3
3978,3
6510,2
1072,2
323,2
2619,1
1131,2
1710,6
1343,1
3321,1
3400,3
2904,3
4144,1
2235,1
2686,1
4160,2
5880,3
318,3
4843,1
2405,1
380,6
870,6
2040,7
3045,3
1826,2
2601,1
1505,1
2232,5
5487,1
765,4
1785,3
1096,1
6292,1
51,4
1863,3
247,4
4520,1
128,6
1564,2
1358,2
1157,1
803,1
2992,3
5103,2
7006,1
644,5
511,1
3565,2
2673,2
123,3
3480,5
1048,1
903,2
229,2
1778,2
2379,1
3172,2
375,4
246,5
1022,2
1152,7
1475,1
2299,2
5852,1
2743,1
4360,1
2316,1
3294,2
4884,1
2724,1
1749,1
4579,1
1715,1
3430,1
2622,2
7308,1
2507,1
2938,2
1566,4
2548,4
3438,1
6474,1
995,1
598,3
6244,1
1150,4
3038,2
3875,2
2666,1
4984,1
2709,1
3514,1
900,11
1064,5
1808,2
1116,5
222,5
534,2
1212,2
295,1
845,2
3161,1
2226,2
4375,1
6262,1
7112,1
7366,1
6119,1
3315,2
2745,1
1026,5
3010,1
6322,1
858,5
2550,4
3190,2
94,3
1274,4
1608,3
5448,1
3225,2
5612,1
4394,1
3942,2
1014,3
1190,5
2204,2
1819,1
5643,1
4280,1
1037,1
6380,1
1353,1
466,1
2241,2
3408,2
4925,1
2958,2
1374,1
3556,2
801,1
822,1
1547,3
3263,1
261,3
3844,1
784,6
1679,1
7230,1
2950,1
98,5
3969,2
4730,1
2415,3
3961,1
6110,1
358,1
834,1
3281,1
3125,1
3144,1
3175,1
1786,1
616,7
568,2
12,7
636,4
2034,2
1038,1
1403,1
7130,1
4560,4
4532,1
3332,3
3528,5
348,6
555,3
544,4
109,2
1221,1
3612,2
2754,3
1500,7
524,1
3504,2
2004,1
1550,3
4316,1
2505,1
3610,1
2865,1
4095,1
708,4
1691,1
596,1
37,2
2934,1
3052,2
5673,1
2432,2
4875,1
712,2
2607,1
5061,1
546,7
2268,7
4887,1
6804,2
6972,1
1356,2
117,5
1078,4
1416,4
2645,1
1818,2
4092,2
274,1
1331,1
199,2
3374,1
1928,1
6524,1
2814,2
868,5
4040,1
5900,1
2850,4
1936,4
40,8
665,3
2115,2
1413,1
1379,1
4818,1
988,4
5,3
4671,1
2410,1
343,1
5252,1
2996,2
5626,1
3304,2
411,1
851,1
3212,1
1708,3
3750,3
1587,1
3066,2
2470,4
285,4
4577,1
2292,1
5302,1
828,6
3439,1
3140,1
3572,1
3880,1
4344,1
3652,1
4014,1
830,2
3801,1
2275,2
5670,2
1209,2
130,7
6270,1
258,3
1836,5
3206,1
6399,1
2160,10
5104,2
4935,1
48,10
3591,3
1694,4
2431,3
4888,1
4825,1
3781,1
4416,2
5145,1
7410,1
4239,1
2616,2
1810,1
2424,2
5928,2
5412,1
2806,1
731,1
67,2
3025,1
7843,1
1027,1
182,7
1334,2
2233,2
3460,1
4301,2
356,2
1430,5
1305,3
7076,1
497,1
216,12
776,2
1809,2
165,6
2208,4
4590,2
3680,3
981,1
3322,1
2840,1
1602,2
369,2
2921,1
3876,2
4026,1
5825,1
3081,1
2847,1
741,3
2575,1
4272,1
226,3
69,4
1111,1
3588,2
627,3
4347,3
1520,5
4428,2
5910,1
637,2
1807,1
1360,5
3892,1
4032,5
3818,1
2366,3
3043,1
266,4
18,7
161,4
1218,5
32,6
4440,3
529,1
775,3
152,6
402,3
1460,2
867,1
3024,8
925,2
2664,3
1304,1
2805,2
5363,1
4088,1
4743,1
5046,1
2534,1
1995,3
5292,3
4922,1
70,7
1340,2
1976,4
223,2
3848,1
4780,1
2378,1
1110,5
296,3
485,1
5518,1
2925,3
917,1
2494,1
3477,1
5887,1
1590,3
2592,5
3080,4
1086,1
6944,2
5472,1
2015,2
462,8
1139,1
5945,1
279,3
2831,1
5313,2
1738,2
3381,2
7254,1
1770,3
23,3
52,6
690,7
2016,9
493,2
2325,3
2940,7
4836,2
2951,1
2924,1
2744,2
2125,2
1687,1
2954,1
2132,2
840,14
2808,6
2771,1
2618,4
158,3
1177,1
6728,1
1968,4
608,4
835,1
3051,1
6588,1
3380,2
3262,1
3104,1
2960,2
2425,1
231,6
893,1
2613,1
1969,1
687,1
978,1
5452,1
844,1
1007,1
3131,1
1955,2
4120,1
2800,5
525,6
986,2
2397,1
3280,2
5658,1
5184,2
6120,1
2750,3
3154,1
6507,1
1232,7
2090,4
126,10
3420,5
957,2
1005,2
264,9
29,3
625,2
1127,2
1870,4
1984,3
432,11
1903,1
4578,1
6642,1
5012,1
381,1
2952,3
4536,5
3657,1
973,1
7140,1
3699,1
6870,1
2324,2
2703,1
2119,1
3344,3
68,5
5950,1
4898,1
609,4
1025,2
793,1
5434,2
239,2
27,5
221,4
1910,1
3825,2
1485,4
423,2
1625,2
4710,1
3546,1
645,3
2080,5
1677,1
302,1
5456,2
4060,3
1744,2
2282,1
3222,1
21,5
600,12
961,1
133,4
1734,1
5510,1
1445,1
428,2
755,1
5730,1
5592,1
2184,7
1467,1
1390,1
1593,2
1940,2
2624,1
1674,4
624,9
788,1
3502,1
1197,4
73,2
399,4
804,3
2120,2
3192,5
865,1
322,4
3456,4
4727,1
4876,1
6048,3
5902,1
1690,3
2977,1
1287,3
4809,1
7688,1
2133,2
763,1
5478,1
964,1
6355,1
124,5
4992,2
244,4
1394,1
4700,2
552,7
549,2
4275,2
6129,1
215,3
1701,4
639,2
2158,2
3740,3
1665,2
2192,1
362,1
90,11
5018,1
615,3
1953,3
1443,1
2583,1
4293,1
2422,1
3552,2
5712,2
6630,1
2375,2
2877,1
5133,1
6084,1
4945,1
3393,1
1988,2
4175,1
5019,1
992,4
5080,1
1043,1
7781,1
2941,1
1991,1
3358,1
5535,1
241,2
11,3
60,12
1352,3
6104,1
1045,3
2784,4
6240,2
564,4
1314,3
3360,8
444,5
732,4
711,2
5166,1
6699,1
5575,1
2146,1
2511,2
2187,2
952,6
1224,7
1794,3
415,1
1245,2
2945,2
2254,2
4147,1
2200,5
2484,4
3297,1
129,3
3173,1
5642,2
5336,2
4444,1
4901,1
4234,1
5050,1
4848,1
4009,1
28,7
2610,4
377,2
3872,2
413,1
4600,3
1440,11
5832,2
1917,2
3549,1
5688,1
1333,1
122,3
923,1
2976,4
2231,1
4632,1
2695,1
4220,1
451,1
2291,1
2445,1
1572,1
3162,2
582,2
1462,1
242,5
4266,2
4966,1
1194,1
5424,1
2472,2
2635,2
882,6
1620,8
2987,1
837,3
4048,3
2409,1
465,4
5512,1
3757,1
4880,1
3026,1
7626,1
3105,3
3366,3
2795,1
3808,3
4500,4
871,1
1192,1
1782,5
4437,1
4172,1
620,5
2002,5
4550,2
4074,1
4100,2
2674,1
5214,1
7750,1
3488,1
603,2
1199,1
4020,2
4071,1
6554,1
1085,3
335,1
1106,2
4698,2
3537,1
6525,1
243,5
3689,2
5170,1
6025,1
351,4
4769,1
7279,1
2420,4
2535,2
3515,1
4046,1
1534,2
4833,1
7337,1
2457,3
211,2
177,3
874,2
873,1
3270,2
3198,2
4557,2
4232,1
1158,1
1971,2
469,1
5768,1
895,1
777,2
3770,2
543,1
1834,1
2790,4
4321,1
6450,1
495,5
1372,3
5750,2
253,4
510,7
2163,1
812,5
3087,1
6467,1
3654,3
64,6
3048,2
3822,2
4350,3
5404,1
4650,3
1189,1
2883,1
2880,7
4110,1
4816,1
987,2
6090,2
333,2
578,1
276,6
500,6
975,4
1200,11
1891,1
1088,3
1060,3
2044,2
3328,2
4320,5
3423,1
4425,1
1727,1
2343,1
1551,1
3664,1
3791,1
5126,1
1320,10
308,7
780,10
3260,1
4720,1
2796,1
1455,1
4470,1
3608,1
1832,1
5751,1
1195,1
2390,1
2943,1
2781,1
723,1
6615,1
2898,4
1963,1
3465,2
4233,1
251,2
280,9
6840,1
153,5
430,3
416,6
1833,1
1526,2
3768,1
6138,1
289,1
956,1
2629,1
3948,2
516,4
220,9
366,3
2688,6
2442,2
1554,3
2720,3
5700,2
6014,1
6417,1
5936,1
1248,7
3014,1
1120,8
2533,1
1130,2
1392,6
137,2
1490,1
3759,1
3258,1
5916,1
3885,1
3952,3
1695,1
5150,1
5562,1
6390,1
1643,1
6526,1
187,4
1344,9
532,5
4460,1
5800,2
7719,1
4410,3
573,1
6989,1
2294,1
3674,1
1222,2
2782,2
5275,1
4047,1
3020,1
3575,1
4396,1
3857,2
480,13
4392,2
682,3
2076,1
5014,1
1472,3
2148,1
4851,1
610,2
2412,2
2862,2
1434,1
2387,2
1673,1
943,1
7047,1
7657,1
1057,1
1606,2
832,5
976,3
1521,2
5096,2
5543,1
1506,1
5020,1
533,1
3132,3
2346,2
1750,4
2640,8
1507,1
996,3
4940,2
7812,1
208,8
2093,2
1845,2
2506,1
5925,1
1364,3
1208,1
2060,2
642,2
5616,3
4991,2
5346,2
5538,1
4770,1
1748,2
2919,1
2244,4
5162,1
7285,1
116,5
2580,4
2538,2
1267,1
4114,2
6540,1
3926,1
3159,2
1510,1
2834,2
1235,3
1444,1
2821,2
2025,4
3082,1
4371,1
5790,1
580,5
1633,1
202,3
872,2
1269,2
87,4
940,4
3441,1
889,1
1624,5
2525,1
1470,7
3611,1
4530,1
5238,1
786,1
518,2
5886,1
632,2
3007,1
238,6
2247,1
1600,5
6496,2
6266,1
205,3
1210,4
1053,3
1647,2
2385,1
2189,1
910,6
1599,1
3692,1
407,1
306,6
1332,4
3796,1
4170,1
3015,1
6330,1
391,2
1175,2
1904,5
2997,1
1308,2
4944,1
2162,1
6572,1
6720,2
6318,2
594,7
984,5
1246,2
1133,1
3984,2
2054,2
80,9
2190,3
1474,2
2310,7
2064,3
1424,2
4152,1
5365,1
5850,3
394,1
135,7
679,1
3576,1
6552,2
4518,1
716,1
4994,1
6325,1
4636,1
729,3
1975,1
2260,2
531,2
3836,1
3938,1
84,11
448,7
2820,4
260,7
528,9
1408,4
994,2
2628,2
1121,1
1746,2
5177,1
1281,2
1943,1
2492,2
2668,2
1017,1
3749,1
5208,4
4284,4
737,1
3800,3
4420,2
252,13
700,8
3363,1
5307,1
825,4
1253,1
1275,3
4844,1
2123,1
6024,1
2444,2
7560,1
4738,1
418,4
5819,1
4340,3
4237,1
4379,1
2685,1
3752,1
1661,1
1176,8
4774,2
6235,1
979,1
7080,1
1024,2
3718,2
4296,1
4242,1
2101,1
174,6
3473,1
4807,2
2050,2
6183,1
4023,1
456,8
2225,1
2312,1
496,5
6448,2
458,1
666,4
3243,1
4928,2
2682,1
945,6
1540,7
6148,1
1325,1
1666,3
4117,1
132,9
138,6
1311,2
3640,3
4402,1
14,5
3542,3
2561,1
3842,1
966,5
5368,1
1536,4
2176,2
288,10
149,2
1241,1
658,2
338,3
2139,2
412,2
5304,2
772,1
4664,1
2899,1
3392,1
192,10
4619,1
576,9
1313,1
110,7
606,2
476,6
163,2
522,5
4995,1
4116,2
2166,1
1002,1
6061,1
4775,1
5382,2
1501,1
236,4
3090,2
2516,1
2067,1
5656,1
5824,2
486,6
2024,4
3349,1
4431,1
2944,2
4617,2
6177,1
6216,1
1032,4
1168,2
5725,1
519,1
646,2
5174,1
5192,1
5229,1
1113,2
1617,3
2650,1
1561,1
478,1
393,1
2286,2
744,7
1886,1
6440,1
2331,1
4302,1
339,1
1610,4
1545,1
3068,2
1095,2
119,4
7068,1
3013,1
2480,4
5797,1
3798,1
5539,1
4553,1
327,1
2676,1
4660,1
2844,2
989,1
1568,5
300,11
3402,4
3728,1
3976,1
4708,1
5550,2
591,1
5301,1
4980,2
1880,3
3717,1
2700,7
6758,1
1441,1
748,4
1659,2
1911,2
175,5
169,3
376,3
3458,3
1145,1
101,2
1938,2
7378,1
1631,1
2151,1
1380,7
136,6
3990,3
792,9
1848,8
4784,2
3860,1
1312,2
4136,1
2702,1
2364,1
5425,2
3738,1
4154,1
4776,1
2527,1
565,1
3247,1
3145,1
5244,1
912,7
481,1
2486,2
1703,1
5198,1
1935,2
2230,1
3375,3
328,3
3799,1
1010,2
535,1
972,6
1054,2
2320,4
2728,3
1632,5
2542,1
4030,2
1651,1
2596,2
1612,3
2451,1
3003,2
2368,1
3152,1
2322,2
6169,1
4066,1
3776,1
4761,1
6636,1
726,4
2380,5
3197,1
6021,1
4063,1
5068,1
936,9
2068,2
446,1
1582,2
6692,1
2761,1
4016,1
210,12
628,1
4582,1
7347,1
4462,1
1230,5
4683,1
453,1
2013,1
1134,7
1376,2
3016,3
906,1
267,1
3406,1
4176,3
1081,1
390,9
4998,1
3116,1
2140,2
106,3
166,3
5520,3
1711,1
2116,1
1258,1
1215,4
1581,2
2108,2
1219,1
1989,3
3186,2
790,2
3384,2
3792,2
2449,1
395,1
1670,1
1730,1
4554,3
319,2
4620,5
2198,1
6045,1
1998,3
1236,2
4646,1
3196,1
1000,6
742,2
3936,2
5300,1
5232,1
4662,1
5496,1
506,4
1398,1
1589,1
602,2
314,1
1155,5
1107,2
1764,7
33,4
2277,3
4824,1
1148,3
89,2
1036,3
2170,3
3000,6
756,11
918,5
824,2
3151,1
102,6
1850,2
664,2
1946,1
1859,2
4867,1
3268,1
4704,3
1512,11
3780,7
374,4
1068,2
3129,1
4452,2
4300,2
4094,1
1773,1
336,12
4975,1
1135,1
3107,1
62,4
4674,1
6175,1
7000,1
1404,7
1660,2
4525,1
7056,1
2475,3
1183,2
1298,2
2884,2
2240,5
3751,1
2134,2
2541,2
170,6
3200,3
5146,1
3933,2
3059,2
5675,1
7192,2
5225,1
1479,2
424,3
5954,1
4085,1
3,3
2970,5
2678,2
904,2
410,3
4785,1
2499,2
162,8
1755,4
4872,4
796,1
1083,1
2600,4
2265,1
540,12
148,4
24,9
1560,9
1909,1
1089,2
6,5
3078,3
2224,1
4524,2
4450,1
2408,2
6156,1
592,3
2156,4
1751,1
5082,2
1384,1
3894,1
3940,1
6480,2
1008,12
5994,1
5239,1
581,1
4756,1
3429,1
4163,1
1092,8
4194,1
